{
  "service": "Bostadsbrist",
  "layer": "Totalt_reg (26)",
  "spatialReference": "EPSG:3006",
  "fields": [
    {
      "name": "year",
      "alias": "År",
      "type": "SmallInteger"
    },
    {
      "name": "region",
      "alias": "Region",
      "type": "String"
    },
    {
      "name": "boendeekonomi1_antal",
      "alias": "1. Boendeekonomi A",
      "type": "Integer"
    },
    {
      "name": "trangbodda_antal",
      "alias": "3. Trångboddhet",
      "type": "Integer"
    },
    {
      "name": "upprepadeflytthh_antal",
      "alias": "6. Flyttfrekvens",
      "type": "Integer"
    },
    {
      "name": "aterkommande_antal",
      "alias": "8. Återkommande problem",
      "type": "Integer"
    }
  ]
}